{
	"recommend":"名称",
	"class":[
		{
			"type_id":"LIST:#onlyfans|onlyfans,#吃瓜|吃瓜,#模特|模特,#流出|流出,#大学生|大学生,#少女|少女,#自慰|自慰,#反差|反差,#反差婊|反差婊,#校花|校花,#邻家|邻家,#清纯|清纯,#黑丝|黑丝,#萝莉|萝莉,#福利姬|福利姬,#cosplay|cosplay,#骚母狗人妻|骚母狗人妻,#极品|极品,#中文字幕|中文字幕,#无码|无码,#偷拍|偷拍,#调教|调教,#母狗|母狗",
			"type_name":"吃瓜专属分类"
		},
		{
            "type_id": "视频",
            "type_name": "视频"
        },
        {
            "type_id":"video",
            "type_name":"video"
        },
        {
            "type_id": "mp4",
            "type_name": "MP4"
        },
        {
            "type_id": "磁力",
            "type_name": "磁力"
        },
        {
            "type_id": "magnet",
            "type_name": "magnet"
        },
        {
            "type_id": "番号",
            "type_name": "番号"
        }
	],
	"jx":0,
	"parse":0
}
