{
    "recommend": "名称",
    "class": [
        {
            "type_id": "视频",
            "type_name": "视频"
        },
        {
            "type_id":"video",
            "type_name":"video"
        },
        {
            "type_id": "mp4",
            "type_name": "MP4"
        },
        {
            "type_id": "番号",
            "type_name": "番号"
        },
        {
            "type_id": "磁力",
            "type_name": "磁力"
        },
        {
            "type_id": "magnet",
            "type_name": "magnet"
        },
        {
            "type_id": "LIST:,#美谷朱里|美谷朱里,#五日市芽依|五日市芽依,#水川潤|水川潤,#八蜜凛|八蜜凛,#波多野结衣|波多野结衣,#天海翼|天海翼,#香水纯|香水纯,#弥生美月|弥生美月,#栗山莉绪|栗山莉绪,#unpai|unpai,#河北彩花|河北彩花,#鹫尾芽衣|鹫尾芽衣,#新有菜|新有菜,#JULIA|JULIA,#森泽佳奈|森泽佳奈,#富丈太郎|富丈太郎,#尾崎えりか|尾崎えりか,#緒川はる|緒川はる,#花沢ひまり|花沢ひまり,#工藤ララ|工藤ララ,#宮西ひかる|宮西ひかる,#一条みお|一条みお,#大槻ひびき|大槻ひびき,#沙月恵奈|沙月恵奈",
            "type_name": "专属女司机"
        },
        {
            "type_id": "LIST:,#女神|女神,#精品|精品,#无码|无码,uncensor|uncensor,#极品|极品,#黑丝|黑丝,#网红|网红,#学生|学生,#中出|中出,#单体作品|单体作品,#已婚妇女|已婚妇女,#出轨|出轨,#白天出轨|白天出轨,#巨乳|巨乳,#荡妇|荡妇,#辣妹|辣妹,#多P|多P,#乳交|乳交,#淫乱|淫乱,#真实|真实,#按摩|按摩,#接吻|接吻,#美容院|美容院,#拘束|拘束,#极致·性高潮|极致·性高潮,#各种职业|各种职业,#妄想|妄想,#恶作剧|恶作剧,#时间停止|时间停止,#制服|制服,#姐弟|姐弟,#乱伦|乱伦,#海角|海角,#乱伦|乱伦,#国产|国产",
            "type_name": "专属烂名词"
        },
        {
            "type_id": "CHANNEL:AVNVP,Seeyellow,avwmjav,gtkankan1,fbi2me,tumblrAce,AVnew,javcc,ttxsp,holozon$$$LIST:,视频|视频,video|video,mp4|mp4",
            "type_name": "视频群组1"
        },
        {
            "type_id": "CHANNEL:ljqqyy,AVWUMAYUANPIAN,madou_77,wanninai,QiangJAv,xpzhenshi,fuligege4,jpccav,zuisewang,CTHHZY_3,BL666668$$$LIST:,视频|视频,video|video,mp4|mp4",
            "type_name": "视频群组2"
        },
        {
            "type_id": "CHANNEL:TPJPCP,avwmjavchat,sdafe4,MadouVideos,TGJAV,FC2PPV91,fongmi_adult,MDFL88,wuma_liuchu,gaozhong1,sexyfun18$$$LIST:,视频|视频,video|video,mp4|mp4",
            "type_name": "视频群组3"
        },
        {
            "type_id": "CHANNEL:wwkxa,cgblgw,jingpina,tplrwq$$$LIST:,视频|视频,video|video,mp4|mp4,#onlyfans|onlyfans,#吃瓜|吃瓜,#模特|模特,#流出|流出,#大学生|大学生,#少女|少女,#自慰|自慰,#反差|反差,#反差婊|反差婊,#校花|校花,#邻家|邻家,#清纯|清纯,#黑丝|黑丝,#萝莉|萝莉,#福利姬|福利姬,#cosplay|cosplay,#骚母狗人妻|骚母狗人妻,#极品|极品,#中文字幕|中文字幕,#无码|无码,#偷拍|偷拍,#调教|调教,#母狗|母狗",
            "type_name": "吃瓜黑料国产"
        },
        {
            "type_id": "CHANNEL:AVWUMAYUANPIAN,QQLSJ,avwmjav,javdb91,madoua821,sexlife520,madoucn,wumaAV,Tokyo_hot_drift,yjhuidhsiu,CRAVWM12,zhenshipaishe,bbw8562$$$LIST:,视频|视频,video|video,mp4|mp4",
            "type_name": "无码频道"
        },
        {
            "type_id": "CHANNEL:SanJiPian_HanGuo$$$LIST:,视频|视频,video|video,mp4|mp4,#日本三级|日本三级,#韩国三级|韩国三级,#香港三级|香港三级",
            "type_name": "东亚三级片"
        },
        {
            "type_id": "LIST:,第一會所|第一會所,IPTD|IPTD Idea PockeT Disc，常规番号，编号满了，后续接IPZ,IPZ|IPZ Idea Pocket Z，常规番号，Z代表终极，编号满了，后续接IPX,IPX|IPX Idea Pocket X，常规番号,IDBD|IDBD 精选集,KAWD|KAWD 常规番号，编号基本满了,JUC|JUC 常规番号，编号已满，后续接JUX,JUX|JUX 常规番号，编号已满，后续接JUY,JUY|JUY 常规番号,JUSD|JUSD 精选集,MDLD|MDLD Moodies Legend，主演为传奇级的知名女演员,MIDE|MIDE Moodies Diva End，常规番号,MIFD|MIFD Moodies Fresh Disc，新人出道主题,MIZD|MIZD Moodies Disc，高清剪辑合集,MDYD|MDYD 常规番号,MBYD|MBYD 精选合集,NWF|NWF 常规番号，编号已满，后续接WANZ,WANZ|WANZ 常规番号,ATAD|ATAD Attacker Anthology，Attacker精选集,EBOD|EBOD 常规番号,MKCK|MKCK 精选合集,KIRD|KIRD 常规番号,KIBD|KIBD 精选合集,ONED|ONED 常规番号，编号已满，后续接SOE,SOE|SOE 常规番号，编号已满，后续接SNIS,SNIS|SNIS 常规番号，编号已满，后续接SSNI,SSNI|SSNI 常规番号，当前启用中,ONSD|ONSD 高清剪辑合集，编号已满，后续接OFJE,OFJE|OFJE 高清剪辑合集，启用中,SPS|SPS 专为新人女演员开辟的番号，以真爱系列为起点,PGD|PGD 常规番号,TEK|TEK 常规番号,PPPD|PPPD 常规番号,HND|HND 常规番号,TYOD|TYOD 常规番号,TPPN|TPPN 常规番号,BF|BF 常规番号,ZUKO|ZUKO 常规番号,CLUB|CLUB 常规番号,MMND|MMND 常规番号,XVSR|XVSR 常规番号，贩卖版,PXV|PXV 精选综合或多人出演系列,SRXV|SRXV 常规番号出租版，内容与XV及XVSR相同，但编号并不对应,REAL|REAL 常规番号,NATR|NATR 常规番号,SCOP|SCOP 常规番号,SAMA|SAMA 常规番号,ABS|ABS ABSolute，主力番号，已被合并入ABP,ABP|ABP ABsolute Perfect，主力番号，以公司专属女优为主,KBH|KBH 高贵美少女学院系列专用番号,EDD|EDD 以伪装成无知少女的专业级AV女演员为看点，编号已满，后续接ESK,ESK|ESK 素人主题,HHK|HHK 常规番号,ALB|ALB 常规番号,MUKD|MUKD 常规番号,MUM|MUM 常规番号,STAR|STAR 顾名思义，为专属女演员单独设立的番号，编号已满，后续接STARS，编号最高1001,STARS|STARS 顾名思义，为专属女演员设立的常规番号,SACE|SACE Sod ACE，为人气女演员与SOD企划联组作品设立的番号，貌似已废用,SDMS|SDMS Soft on DeMand系列，SOD公司的主打系列,SDDE|SDDE SOD Creator貌似有个专做Soft on Demand系列的子公司，这是该公司用的番号，但目前这里主要是SENZ的作品,SDMT|SDMT SOD月刊系列，精选合集，素人企划也在这里,DVDPS|DVDPS 常规番号，编号已满，后续接DVDES,DVDES|DVDES 常规番号,NHDT|NHDT 常规番号，旧番号,NHDTA|NHDTA 常规番号，新番号",
            "type_name": "有码片商"
        },
        {
            "type_id": "LIST:,东京热|东京热,Hot|Hot,一本道|一本道,1pondo|1pondo,加勒比|加勒比,carib|carib,空天使|空天使,SKY|SKY,RHJ|RHJ Red Hot Jam,RED|RED Red Hot Fetish Collection,CRD|CRD RED HOT IDOL,SMD|SMD 常规番号,SMDV|SMDV 常规番号,SMBD|SMBD 蓝光番号,SM3D2DBD|SM3D2DBD 蓝光的3D或2D版,CATWALK(猫步毒药),CWP|CWP 常规番号,CWDV|CWDV 常规番号,CWPBD|CWPBD CWP的蓝光版,CW3D2DBD|CW3D2DBD CWDV的3D、2D版蓝光",
            "type_name": "无码片商"
        }
    ],
    "jx": 0,
    "parse": 0
}